<?xml version="1.0" encoding="UTF-8"?>
<project-private xmlns="http://www.netbeans.org/ns/project-private/1">
    <editor-bookmarks xmlns="http://www.netbeans.org/ns/editor-bookmarks/2" lastBookmarkId="0"/>
    <open-files xmlns="http://www.netbeans.org/ns/projectui-open-files/2">
        <group>
            <file>file:/C:/wamp/www/recepcion_unidades/eliminar_detalle.php</file>
            <file>file:/C:/wamp/www/recepcion_unidades/detalle.php</file>
            <file>file:/C:/wamp/www/recepcion_unidades/nuevo_detalle.php</file>
            <file>file:/C:/wamp/www/recepcion_unidades/facturas/facturas.php</file>
            <file>file:/C:/wamp/www/recepcion_unidades/nuevo_detalle2.php</file>
        </group>
    </open-files>
</project-private>
